<?xml version="1.0" encoding="UTF-8"?>
<keywords>
   <keywords>
      <text FeatureID="true_13 true_1566">USB cable connection</text>
      <target FeatureID="true_13" href="USB_HLP_MAIN.html">USB settings</target>
      <target FeatureID="true_1566" href="USB_HLP_PRINT_SETTINGS.html">Printer settings</target>
   </keywords>
   <keywords>
      <text FeatureID="true_13">cable connection</text>
      <target FeatureID="true_13" href="USB_HLP_MAIN.html">USB settings</target>
   </keywords>
   <keywords>
      <text FeatureID="true_1566">printing</text>
      <target FeatureID="true_1566" href="USB_HLP_PRINT_SETTINGS.html">Printer settings</target>
   </keywords>
   <keywords>
      <text FeatureID="true_1566">settings, printer</text>
      <target FeatureID="true_1566" href="USB_HLP_PRINT_SETTINGS.html">Printer settings</target>
   </keywords>
</keywords>